components,mean_accuracy,std_accuracy
2,0.5492494583720211,0.012898217475396453
5,0.8113540699473848,0.007906713936180235
10,0.8814763231197771,0.013760487972598639
20,0.9488037759207675,0.0028351673643756594
30,0.9593732590529248,0.007815732450027535
40,0.9682791705354379,0.003779612054298092
64,0.9710662333642835,0.0037491618721271496
