scheme,fold,rmse
random_kfold,1,0.6849133083515672
random_kfold,2,0.44592519593642
random_kfold,3,0.4621742451333282
random_kfold,4,0.38087236426919424
random_kfold,5,0.47460140476150087
spatial_x_block,1,0.644746197661073
spatial_x_block,2,0.5915205278165764
spatial_x_block,3,0.6665547921677971
spatial_x_block,4,0.6448935143228088
spatial_x_block,5,0.7627434400150983
