model,accuracy,macro_f1,train_rows,test_rows
HistGradientBoosting,0.844,0.7782942196877823,35000,15000
MLP_scaled,0.7531333333333333,0.5306762014630638,35000,15000
